id,username,title,content,author,url,image_url,language,published_at
2,testuser,Parliament LIVE news updates: Government likely to table bill for amendments to Waqf Act today,Lok Sabha and Rajya Sabha news updates: Here are the latest updates on the developments in the Parliament,Business Standard,https://www.business-standard.com/india-news/parliament-news-updates-monsoon-session-budget-waqf-act-lok-sabha-rajya-sabha-pm-modi-rahul-gandhi-124080500212_1.html,https://bsmedia.business-standard.com/_media/bs/img/article/2024-07/22/thumb/featurecrop/400X400/1721624570-6042.jpg,en,2024-08-05 05:17:37 +0000
3,testuser,JB condo residents claim man from Singapore stole their parcels,"When their parcels went missing, several residents of a condominium in Johor Bahru thought the items were mistakenly collected by others.

It turned out that the packages had been stolen by a couple, with the man allegedly holding a Singapore identity card.

One of the residents at Austin Suites con...",Lim Kewei,http://www.asiaone.com/singapore/jb-condo-residents-claim-man-singapore-stole-their-parcels,None,en,2024-08-05 04:40:00 +0000
4,testuser,Thailand's democracy may soon take another backward step,"You’re reading an excerpt from the WorldView newsletter. Sign up to get the rest free, including news from around the globe and interesting ideas and opinions to know, sent to your inbox on Monday, We...",Ishaan Tharoor,https://www.washingtonpost.com/world/2024/08/05/thailand-court-ruling-pita-limjaroenrat/,https://www.washingtonpost.com/wp-apps/imrs.php?src=https://arc-anglerfish-washpost-prod-washpost.s3.amazonaws.com/public/6AIB42JRW22K6YIK26MJAKPXVA.JPG&w=1440,en,2024-08-05 04:00:50 +0000
5,testuser,"LIVE news updates: 98 killed in Bangladesh protests, India issues advisory",Latest news updates: Catch all the latest updates from around the world here,Business Standard,https://www.business-standard.com/india-news/live-news-updates-top-news-today-bangladesh-protests-israel-palestine-pm-modi-iran-elon-musk-124080500104_1.html,https://bsmedia.business-standard.com/_media/bs/img/article/2023-03/26/thumb/fitandfill/400X400/1679825184-8358.jpg,en,2024-08-05 03:41:11 +0000
6,testuser,Macca's releases new Quarter Pounder burger,"In delicious news for fans of McDonald's most ""iconic"" burger, the fast food giant has announced a fresh twist – for the first time ever in Australia.",news,https://www.news.com.au/lifestyle/food/eat/mcdonalds-releases-two-new-versions-of-iconic-quarter-pounder-burger/news-story/083b42952093b6ad8573dd4c82d9cd81,None,en,2024-08-05 03:34:18 +0000
7,testuser,'Feel I Let Spain Down': Emotional Carlos Alcaraz Vows to Get Better and Mature After Loss to Djokovic in Olympic Final - News18,"An emotional Carlos Alcaraz feels he let his country down after losing to Novak Djokovic in the Men's Singles, Olympic Games final at Paris.",@cnnnews18,https://www.news18.com/olympics/feel-i-let-spain-down-emotional-carlos-alcaraz-vows-to-get-better-and-mature-after-loss-to-djokovic-in-olympic-final-8990125.html,https://images.news18.com/ibnlive/uploads/2024/08/carlos-alcaraz-paris-olympics-2024-final-afp-feature-2024-08-c7f0a7da0c8f80ffbe24493375e21b07-16x9.png?impolicy=website&width=1200&height=675,en,2024-08-05 03:31:00 +0000
8,testuser,Mexican journalist under police protection killed: government,"A Mexican crime reporter who was under police protection because of an attempt on his life was shot and killed Sunday, local officials said.

Alejandro Martinez Noguez, who ran a popular news outlet o...",Agence France-Presse,https://www.voanews.com/a/mexican-journalist-under-police-protection-killed-government/7729993.html,https://gdb.voanews.com/2B25A653-1B75-4E56-8D86-2C31D1923B64.jpg,en,2024-08-05 03:29:01 +0000
9,testuser,Car sales crunched,"Yet Motor Industry Association chief executive Aimee Wiley sees a positive trend - or at least a bottoming out.

“Given all the doom and gloom out there at the moment, the good news is that volumes ha...",Chris Keall,https://www.nzherald.co.nz/business/another-decade-low-for-monthly-car-sales-but-also-a-positive-sign-of-sorts/HUOMUEUIMJFVLBUBYOVSUW7PGA/,https://www.nzherald.co.nz/resizer/v2/RL5VCTZ4JFBS3DPI7MRRSOO62M.jpg?auth=2e64dd51c8e9e7fb90f59be90c45f6c58f3b82675fd71c6d8d02462cd307391a&width=1200&height=675&quality=70&smart=true,en,2024-08-05 03:03:24 +0000
10,testuser,"Paris Olympics Live Updates Day 10: Lakshya Sen to Compete for Bronze, India's Wrestling Campaign Begins - News18","Follow live updates from Day 10 of the Paris Olympics 2024. Watch Maheshwari Chauhan and Anantjeet Singh Naruka in shooting, Lakshya Sen in the badminton bronze medal match, and more Indian athletes in action.",@cnnnews18,https://www.news18.com/olympics/olympics-live-updates-india-at-paris-olympics-2024-today-day-10-lakshya-sen-bronze-medal-wrestling-athletics-sailing-shooting-liveblog-8990100.html,https://images.news18.com/ibnlive/uploads/2024/08/paris-olympics-2024-india-day-10-2024-08-a8ae038ec251fb78c62d7a16b23b726a-16x9.jpg,en,2024-08-05 03:00:33 +0000
11,testuser,"Stocks To Watch: SBI, ONGC, Titan, Infosys, Britannia, Ambuja Cement, BOI, And Others - News18","Stocks to watch: Shares of firms like SBI, ONGC, Titan, Infosys, Britannia, Ambuja Cement, BOI, and others will be in focus on Monday's trade.",@cnnnews18,https://www.news18.com/business/markets/stocks-to-watch-sbi-ongc-titan-infosys-britannia-ambuja-cement-boi-and-others-8990173.html,https://images.news18.com/ibnlive/uploads/2024/06/top-december-retail-stock-picks-point-to-the-rise-of-the-informed-investor-2024-06-4ab77c196399184c5de22ff7f67539cd-16x9.jpg?impolicy=website&width=1200&height=675,en,2024-08-05 02:46:17 +0000
12,testuser,DMR News Launches Video News Initiative to Transform Audience Engagement,"DMR News has launched a comprehensive video news initiative to enhance audience engagement. This includes the DMR TV section on the website and a new YouTube channel, highlighting a shift towards prio...",Wyoming,https://www.asiaone.com/business/dmr-news-launches-video-news-initiative-transform-audience-engagement,https://media.asiaone.com/sites/default/files/styles/a1_600x316/public/original_images/Aug2024/MarketersMEDIA%2520Newswire_1.png?h=ec041e41&itok=VMUOmT-9,en,2024-08-05 02:36:58 +0000
13,testuser,"Petrol, Diesel Fresh Prices Announced: Check Rates In Your City On August 5 - News18","Check the latest petrol and diesel prices in Mumbai for August 5, 2024. Get updated fuel rates per litre in Maharashtra and stay informed on daily price changes at news18.com",@cnnnews18,https://www.news18.com/business/petrol-diesel-fresh-prices-announced-check-rates-in-your-city-on-august-5-8990172.html,https://images.news18.com/ibnlive/uploads/2024/03/untitled-design-6-2024-03-2cd67001ff37332edb626974cc3ad940-16x9.jpg?impolicy=website&width=1200&height=675,en,2024-08-05 02:29:34 +0000
14,testuser,Carville: Kamala Should Conditionally Accept Debate,"Democrat strategist James Carville suggested Saturday that Vice President Kamala Harris should accept a Fox News invitation to debate former President Donald Trump next month, but with one caveat.",newsmax,https://www.newsmax.com/newsfront/james-carville-donald-trump-kamala-harris/2024/08/04/id/1175217,None,en,2024-08-05 02:21:25 +0000
15,testuser,Celtic Beat Kilmarnock 4-0 In First Match Of Scottish Premiership 2024-25 Season - News18,Brendan Rodgers' side finished eight points clear of second placed Rangers last term and they are already in pole position in the 2024/25 title race.,@cnnnews18,https://www.news18.com/football/celtic-beat-kilmarnock-4-0-in-first-match-of-scottish-premiership-2024-25-season-8990165.html,https://images.news18.com/ibnlive/uploads/2024/08/celtic-2024-08-c562162ee2fb6c9892f4acf77fa15d8b-16x9.jpg?impolicy=website&width=1200&height=675,en,2024-08-05 02:15:31 +0000
16,testuser,Mirra Andreeva & Diana Shnaider Win First Olympic Medal For Russians In Paris - News18,Athletes from Russia and ally Belarus were banned from world sport following the invasion of Ukraine in February 2022.,@cnnnews18,https://www.news18.com/olympics/mirra-andreeva-diana-shnaider-win-first-olympic-medal-for-russians-in-paris-8990161.html,https://images.news18.com/ibnlive/uploads/2024/08/tennis-2024-08-5356c8cf8727b0e59f4e6bf71f09be91-16x9.jpg?impolicy=website&width=1200&height=675,en,2024-08-05 02:10:53 +0000
17,testuser,Paris Olympics 2024: China Shrug Off Doping Controversy To Win 12 Swimming Medals - News18,"China's haul of two gold, three silver and seven bronze at Paris Olympics 2024 was an improvement on their total Tokyo collection of nine.",@cnnnews18,https://www.news18.com/olympics/paris-olympics-2024-china-shrug-off-doping-controversy-to-win-12-swimming-medals-8990158.html,https://images.news18.com/ibnlive/uploads/2024/08/china-2024-08-a3e723c409102bc8c3d379b5f7b1fbc1-16x9.jpg?impolicy=website&width=1200&height=675,en,2024-08-05 02:06:16 +0000
18,testuser,Paula Badosa & Sebastian Korda Win Washington Open Titles - News18,"Badosa outlasted Czech Marie Bouzkova 6-1, 4-6, 6-4 to capture her first WTA crown since a severe back injury last year.",@cnnnews18,https://www.news18.com/sports/paula-badosa-sebastian-korda-win-washington-open-titles-8990155.html,https://images.news18.com/ibnlive/uploads/2024/08/paula-badosa-2024-08-77771685022d73b6db7a509e6c332c4c-16x9.jpg?impolicy=website&width=1200&height=675,en,2024-08-05 02:02:24 +0000
19,testuser,India advises its nationals not to travel to Bangladesh until further notice,"Latest News Headlines and Live Updates - DNA India Covers all latest and breaking news on Politics, Business, Sports, Bollywood, technology &amp; health from India &amp; the world at Daily News &amp; Analysis",Sonali Sharma,https://www.dnaindia.com/world/report-bangladesh-protests-india-advises-its-nationals-not-to-travel-to-bangladesh-after-fresh-violence-kills-90-3100417,https=//cdn.dnaindia.com/images/2018/DNA-1200.png,en,2024-08-05 01:40:00 +0000
20,testuser,"Israeli strikes hit Gaza schools, hospital compound after talks fail","CAIRO — An Israeli air strike hit two schools in Gaza City on Aug 4, killing at least 25 people, the Palestinian official news agency said, while the Israeli military said it struck a Hamas military c...",,http://www.asiaone.com/world/israeli-strikes-hit-gaza-schools-hospital-compound-after-talks-fail,https://media.asiaone.com/sites/default/files/styles/a1_600x316/public/original_images/Aug2024/0806_palestine%20israel.jpg?h=2e181f1f&itok=eQdtRAEb,en,2024-08-05 01:27:32 +0000
21,testuser,Australia news live: Victorian government to release prime land for homes; cheap fares kick in across Queensland,Follow live,Stephanie Convery,https://www.theguardian.com/australia-news/live/2024/aug/05/australia-news-live-uluru-co-chair-fears-pm-is-rolling-back-makarrata-promise-warning-over-international-student-cap,https://i.guim.co.uk/img/media/c963eef3e90e68b7ed7a22f92b365031c103b54a/0_322_7884_4730/master/7884.jpg?width=1200&height=630&quality=85&auto=format&fit=crop&overlay-align=bottom%2Cleft&overlay-width=100p&overlay-base64=L2ltZy9zdGF0aWMvb3ZlcmxheXMvdGctbGl2ZS5wbmc&s=d528c545b5074d48ee5f4ddfe058cd9e,en,2024-08-05 01:10:02 +0000
22,testuser,Rep. Donalds Rips Stephanopoulos for Meltdown,"Rep. Byron Donalds, R-Fla., sharply criticized ABC News host George Stephanopoulos during an interview over the weekend.",newsmax,https://www.newsmax.com/newsfront/donalds-stephanopoulos-meltdown/2024/08/04/id/1175211,None,en,2024-08-05 00:51:16 +0000
23,testuser,U.S. Rep. Terri Sewell to hold annual job fair in Bessemer,"BESSEMER, Ala. (WIAT) -- U.S. Rep. Terri Sewell (AL-07) will hold her 13th annual job fair at the Bessemer Civic Center on Thursday. 
According to a news release, the job fair is the Democratic congresswoman's largest constituent event of the year. It is free and open to the public. 
""Since coming t...",Isaac Goffin,https://www.cbs42.com/news/local/u-s-rep-terri-sewell-to-hold-annual-job-fair-in-bessemer/,None,en,2024-08-05 00:24:18 +0000
24,testuser,9 of the best blue ladies watches to get now - The Peak Singapore,"Comprehensive, up-to-date news coverage, aggregated from sources all over the world by Google News.",google,https://news.google.com/rss/articles/CBMiggFBVV95cUxONXJMeXRLcThVcnlsS0x5ZXV1YXdwa0ZNaHZwSXhmVU9aZV9VMW1JTzRSNHFhVGR1YS01ZndHRTdKRDlEbFotaW9wbWFHSkhvYmxFSU9RdVR6ZDFzYTRIbnBZTklqVWRWdmt6dlFCRkhmeVhDZU0wQ1NfSVc3dkl2ZzN3?oc=5&hl=en-SG&gl=SG&ceid=SG:en,https://lh3.googleusercontent.com/J6_coFbogxhRI9iM864NL_liGXvsQp2AupsKei7z0cNNfDvGUmWUy20nuUhkREQyrpY4bEeIBuc=s0-w300,en,2024-08-05 00:24:12 +0000
25,testuser,Trump cancela el debate en ABC News y propone enfrentar a Harris en Fox News,"[Estamos en WhatsApp. Empieza a seguirnos ahora]

El expresidente Donald Trump dijo a última hora del viernes que se retiraba de un debate de ABC News programado para el 10 de septiembre y presentó un...",Neil Vigdor,https://www.nytimes.com/es/2024/08/04/espanol/donald-trump-debate-kamala-harris.html,https://static01.nyt.com/images/2024/08/03/multimedia/04pol-debate-ESP-00/03pol-debate-1-gmwp-facebookJumbo-v2.jpg,es,2024-08-05 00:06:27 +0000
26,testuser,"Morning Briefing: Top stories from The Straits Times on Aug 5, 2024","You are reading the Morning Briefing newsletter. Get the news that prepares you for the day ahead, delivered to your inbox. Subscribe to our newsletter.   Read more at straitstimes.com.",straitstimes,https://www.straitstimes.com/singapore/morning-briefing-top-stories-from-the-straits-times-on-aug-5-2024,https://static1.straitstimes.com.sg/s3fs-public/styles/large30x20/public/articles/2024/08/05/wgt-amnlcoll-050824.jpg?VersionId=8W12ovj3CXm8RTS.RfWcT_9HdNtKksZE,en,2024-08-05 00:00:30 +0000
27,testuser,Work It Podcast: Is the non-compete clause sabotaging your next career move? - CNA,"Comprehensive, up-to-date news coverage, aggregated from sources all over the world by Google News.",google,https://news.google.com/rss/articles/CBMisAFBVV95cUxNU2pfdDcwcTRWSzI4Vk50V2NpLWVHMHNYdlRQcENsc0VWYXZocUtkWERCWDVLX09mM1Rrc2ZDWnlwaW05TnctazNHbWQzNVlRc2xscjRCbkZqclJLYTI0NU9JVFlmc1h4d2RqRjI2Nmc2VDhGdU83elhFZm1LUVVLMzdGMVEtMm1PY1daMzdrd2s3MVdFaTNLcnhZOHVuRzhrNVRGSWlMUWdNVExfLWlMUQ?oc=5&hl=en-SG&gl=SG&ceid=SG:en,https://lh3.googleusercontent.com/J6_coFbogxhRI9iM864NL_liGXvsQp2AupsKei7z0cNNfDvGUmWUy20nuUhkREQyrpY4bEeIBuc=s0-w300,en,2024-08-04 23:55:35 +0000
28,testuser,Preferreds Weekly Review: New Issuance Is Coming,"da-kuk

Welcome to another installment of our Preferreds Market Weekly Review, where we discuss preferred stock and baby bond market activity from both the bottom-up, highlighting individual news and ...",Ads Analytics,https://seekingalpha.com/article/4710379-preferreds-weekly-review-new-issuance-is-coming?source=feed_all_articles,https://static.seekingalpha.com/cdn/s3/uploads/getty_images/1752905583/image_1752905583.jpg?io=getty-c-w1536,en,2024-08-04 23:50:11 +0000
29,testuser,"Allianz-Income deal: NTUC Enterprise, Income Insurance rebut former CEO's criticisms, Singapore News - AsiaOne","Comprehensive, up-to-date news coverage, aggregated from sources all over the world by Google News.",google,https://news.google.com/rss/articles/CBMitgFBVV95cUxPSkNzbXlKeWtsQTNnck40U2ZGWEVleU01enZTTGdiWFUzdU9QRlFzamxKa0lrcEd6V2p6UXVCZm5FSDYxNlNkZi12dmJYM1JEQWpieGlKckNpOU5YbkJyVm5oOG1ncFFPaktJWjV1XzNRbVA1MVJ6UlRIUkIzQ3AzWDVJbmtHVWdSTk5VYnZIY2U5Z1RWenVBdERTOG5LWVJSS1I5Nll6aWNuWHRXbVQzaEJJakl3Zw?oc=5&hl=en-SG&gl=SG&ceid=SG:en,https://lh3.googleusercontent.com/J6_coFbogxhRI9iM864NL_liGXvsQp2AupsKei7z0cNNfDvGUmWUy20nuUhkREQyrpY4bEeIBuc=s0-w300,en,2024-08-04 23:36:32 +0000
30,testuser,Body pulled from Menomonee River in Milwaukee,The Milwaukee County medical examiner tells WISN 12 News they were called to the scene for the man.,wisn,https://www.wisn.com/article/body-pulled-from-menomonee-river-in-milwaukee/61786124,"https://kubrick.htvapps.com/vidthumb/4d28f492-8997-4a36-836e-20e4e598056e/3e447ab9-08e6-4b0d-b778-742e4b13354f.jpg?crop=0.783xw:0.783xh;0.0816xw,0&resize=640:*",en,2024-08-04 23:24:00 +0000
31,testuser,"When ultrasound scans are abnormal, this Singaporean foetal surgeon helps parents through hard decisions - CNA","Comprehensive, up-to-date news coverage, aggregated from sources all over the world by Google News.",google,https://news.google.com/rss/articles/CBMisgFBVV95cUxOWnBZeEJCMXFQTnFUMFAyRW9WOVNla05xbW1XOWxjOXFXeGxOa3FBdDh0TGdOUElEUVpTV0pna0hWX05EVWNDVzN5U3RObDBEeGszbkoydTFWdUpxWFFrbnZlZ2hVOF83Nmg0N05PTnkyTVNONVlsRG9LZ3F4TDZOVEdyQmIzdGN4c0lMd0p3aVBrTzBSVFdxS0xwVkc3dVo0enpiZGM4WkNzeDVMRHV6NXhn?oc=5&hl=en-SG&gl=SG&ceid=SG:en,https://lh3.googleusercontent.com/J6_coFbogxhRI9iM864NL_liGXvsQp2AupsKei7z0cNNfDvGUmWUy20nuUhkREQyrpY4bEeIBuc=s0-w300,en,2024-08-04 23:16:00 +0000
32,testuser,"Feyenoord 4-4 PSV (Aug 4, 2024) Game Analysis","Expert recap and game analysis of the Feyenoord Rotterdam vs. PSV Eindhoven Dutch Johan Cruyff Shield game from August 4, 2024 on ESPN.",,https://www.espn.com/soccer/report/_/gameId/705512,https://a.espncdn.com/combiner/i?img=/i/espn/misc_logos/500/soccer.png,en,2024-08-05T05:51:33.000000Z
33,testuser,"Global markets are starting the week off on a sour note, and Japan is partly to blame",Investors have been borrowing the Japanese yen on the cheap to fund higher-yielding investors. But the Bank of Japan just hiked interest rates.,,https://www.businessinsider.com/markets-japan-rate-hike-yen-fx-carry-trade-stock-futures-2024-8,https://i.insider.com/66b05b86b4912df3ae18cf70?width=1200&format=jpeg,en,2024-08-05T05:43:21.000000Z
34,testuser,Cheez-It And Pringles Maker Kellanova Acquisition Eyed By Snickers-Fame Mars: Report - Kellanova (NYSE:K),"Mars Inc., the renowned confectionery and pet food company, is reportedly considering acquiring Kellanova, the snack manufacturer behind popular brands like Che...",,https://www.benzinga.com/markets/equities/24/08/40152783/cheez-it-and-pringles-maker-kellanova-acquisition-eyed-by-snickers-fame-mars-report,https://cdn.benzinga.com/files/images/story/2024/08/05/Cheez-It-Pringles.jpeg?width=1200&height=800&fit=crop,en,2024-08-05T05:35:14.000000Z
36,testuser,"Bloomberg admits it ‘prematurely published’ story on historic prisoner swap, disciplines journalists","Bloomberg has taken disciplinary action against journalists involved in prematurely publishing a story on the historic prisoner swap that brought Wall Street Journal reporter Evan Gershkovish and other Americans home after being wrongfully detained in Russia, calling it a ""clear violation"" of editor...",Fox News,https://www.foxnews.com/media/bloomberg-admits-prematurely-published-story-historic-prisoner-swap-disciplines-journalists,https://a57.foxnews.com/static.foxnews.com/foxnews.com/content/uploads/2024/08/1024/512/Evan-Gershkovich-Russia-Prisoner-Swap-WSJ_26.jpg?ve=1&tl=1,en,2024-08-05 17:30:36 +0000
37,testuser,Baldwin EMC sends 21 employees to Florida after Hurricane Debby landfall,"SUMMERDALE, Ala. (WKRG) — Baldwin EMC sent 21 employees from three departments to help the Talquin Electric Cooperative in Florida restore power after Hurricane Debby made landfall. 



		Sailboat gets stuck under Destin Bridge	


The employees come from the right of way, operations and transportati...",Summer Poole,https://www.wkrg.com/baldwin-county/baldwin-emc-sends-21-employees-to-florida-after-hurricane-debby-landfall/,None,en,2024-08-05 17:30:04 +0000
38,testuser,"China Evergrande's EV arm units to enter bankruptcy proceedings, court rules","BEIJING: China Evergrande's electric vehicle group said on Monday (Aug 5) a Chinese court had ruled that two of its subsidiaries should enter bankruptcy and be reorganised, sending the EV group's shares plunging 7.9 per cent, the lowest since May 16. The news about the subsidiaries of the embattled ...",CNA,https://www.channelnewsasia.com/business/china-evergrandes-ev-arm-units-enter-bankruptcy-proceedings-court-rules-4526511,"https://onecms-res.cloudinary.com/image/upload/s--reXaqWKr--/fl_relative,g_south_east,l_mediacorp:cna:watermark:2024-04:reuters_1,w_0.1/f_auto,q_auto/c_fill,g_auto,h_676,w_1200/v1/one-cms/core/2024-08-05t144006z_2_lynxmpek74006_rtroptp_3_china-evergrande-everg-vehicle.jpg?itok=PkSgS3sy",en,2024-08-05 17:29:18 +0000
39,testuser,Emergency alert issued after water begins spilling over landslide damming Chilcotin River,"Water has begun spilling over the landslide blocking the Chilcotin River, officials said Monday morning. The Cariboo Regional District Emergency Operations Centre told CBC News that water began moving over the dam around 9 a.m. PT. ",cbc,https://www.cbc.ca/news/canada/british-columbia/chilcotin-landslide-aug-5-1.7285664?cmp=rss,https://i.cbc.ca/1.7285677.1722879353!/cpImage/httpImage/image.jpg_gen/derivatives/16x9_620/landslide-bc-20240805.jpg,en,2024-08-05 17:22:34 +0000
40,testuser,"Arrest warrants filed after man forced to strip at gunpoint, give up his phone","ST. LOUIS – On Friday, a St. Louis Circuit Court judge filed arrest warrants for two men accused of holding someone up at gunpoint, stealing their cellphone, and forcing the victim to strip.
According to probable cause statements filed by the St. Louis Metropolitan Police Department, the robbery too...",Kevin S. Held,https://fox2now.com/news/missouri/arrest-warrants-filed-after-man-forced-to-strip-at-gunpoint-give-up-his-phone/,None,en,2024-08-05 17:21:41 +0000
41,testuser,Folsom Police enforcing pedestrian safety as school year begins,"(FOX40.COM) -- The Folsom Police Department will be increasing their vigilance regarding pedestrian safety this week, according to a new release from the department. 
On Tuesday, officers at various locations across the city will be conducting pedestrian safety operations where they will be looking ...",Matthew Nobert,https://fox40.com/news/local-news/sacramento-county/folsom/folsom-police-enforcing-pedestrian-safety-as-school-year-begins/,None,en,2024-08-05 17:20:51 +0000
42,testuser,Prosecutors plan to charge former Kansas police chief over his conduct following newspaper raid - KVIA,"TOPEKA, Kan. (AP) — Two special prosecutors say they plan to file an obstruction of justice charge against a former central Kansas police chief over his conduct following a raid last year on his town’...",Associated Press,https://kvia.com/news/2024/08/05/prosecutors-plan-to-charge-former-kansas-police-chief-over-his-conduct-following-newspaper-raid/,https://kvia.b-cdn.net/2023/06/News.png,en,2024-08-05 17:15:59 +0000
43,testuser,Bloomberg apologizes for premature story on prisoner swap and disciplines the journalists involved,Bloomberg News is apologizing for a premature story written last week about the prisoner exchange involving the United States and Russia and says it has disciplined the journalists involved,ABC News,https://abcnews.go.com/Entertainment/wireStory/bloomberg-apologizes-premature-story-prisoner-swap-disciplines-journalists-112582826,https://i.abcnewsfe.com/a/71f60ca6-e06b-4cf9-85ed-68d6ac157e00/wirestory_7530de482b1314719ebc967bda67ad39_16x9.jpg?w=1600,en,2024-08-05 17:10:18 +0000
44,testuser,Man injured during alleged robbery: Mobile Police,"MOBILE, Ala. (WKRG) — Mobile police are investigating after a man was found with head injuries in connection with an alleged robbery. 



		Man charged with attempted murder after two people stabbed in Escambia County, Florida	


According to an MPD news release, officers were called to the area of ...",Summer Poole,https://www.wkrg.com/mobile-county/man-injured-during-alleged-robbery-mobile-police/,None,en,2024-08-05 17:09:53 +0000
45,testuser,Two-vehicle collision blocks Route 94,"Two-vehicle collision blocks Route 94 reported in York County Share Copy Link Copy

IN HOLLYWOOD, I’M DAVID DANIEL. THIS IS COVERAGE YOU CAN COUNT ON. WGAL NEWS 8 TODAY STARTS NOW. HURRICANE DEBBY VER...",Rachael Lardani,https://www.wgal.com/article/two-vehicle-collision-blocks-route-94-york-county-pennsylvania/61793723,"https://kubrick.htvapps.com/htv-prod-media.s3.amazonaws.com/images/crash-667ca03c55fa4.png?crop=1.00xw:1.00xh;0,0&resize=1200:*",en,2024-08-05 17:03:00 +0000
46,testuser,Middle East war fears ramp up as F-22 Raptors rush to keep the lid on Iran,"NEW You can now listen to Fox News articles!

Wow, a whole squadron of U.S. Air Force F-22 stealth fighters is deploying to the Middle East to keep a lid on Iran. This is the biggest crisis deployment...",Rebecca Grant,https://www.foxnews.com/opinion/middle-east-war-fears-ramp-up-f-22-raptors-rush-keep-lid-iran,https://static.foxnews.com/foxnews.com/content/uploads/2024/08/F-22-RAPTOR-GETTY.jpg,en,2024-08-05 16:56:01 +0000
47,testuser,NBC News: Here's when Harris is expected to announce her VP pick,"Vice President Kamala Harris is expected to announce her vice presidential pick on Tuesday before a rally in Philadelphia NBC News is reporting, citing two sources ""famliar with the plan.""",wgal,https://www.wgal.com/article/kamala-harris-vice-president-announcement/61793605,"https://kubrick.htvapps.com/htv-prod-media.s3.amazonaws.com/images/kamala-harris-getty-images-66b102c6cd753.jpg?crop=1.00xw:0.846xh;0,0.0856xh&resize=640:*",en,2024-08-05 16:55:00 +0000
48,testuser,6-time gold medalist Amy Van Dyken talks pressure of being an Olympic athlete,Few understand the pressure of performing at the Olympic Games like Amy Van Dyken. The six-time gold medalist talked with Scripps News about the challenges athletes face.,Scripps News Staff,https://www.kjrh.com/sports/paris-2024-olympics/6-time-gold-medalist-amy-van-dyken-talks-pressure-of-being-an-olympic-athlete,https://ewscripps.brightspotcdn.com/dims4/default/2cd1558/2147483647/strip/true/crop/2048x1075+0+162/resize/1200x630!/quality/90/?url=https%3A%2F%2Fewscripps.brightspotcdn.com%2F6c%2Ff6%2F61230359465d9f9385d2ea7726b7%2Fap96072603103.jpg,en,2024-08-05 16:50:18 +0000
49,testuser,Freddie Freeman Son Released From ICU After Guillain-Barré Syndrome Diagnosis,"Dodgers star Freddie Freeman and his wife just shared good news about the health of their three-year-old son ... he's been released from the pediatric ICU, but the couple says the young boy still faces many challenges.",TMZ Staff,https://www.tmz.com/2024/08/05/freddie-freeman-son-released-hospital-guillain-barre-syndrome/,https://imagez.tmz.com/image/b5/16by9/2024/08/05/b5046372d0ca4e3d8dc528f2cfd52cf8_xl.jpg,en,2024-08-05 16:49:38 +0000
50,testuser,Stormont Assembly to be recalled this week in wake of anti-immigrant riot in Belfast,"We need your help now

Support from readers like you keeps The Journal open.

You are visiting us because we have something you value. Independent, unbiased news that tells the truth. Advertising reve...",Muiris O'Cearbhaill,https://www.thejournal.ie/stormont-to-engage-with-irish-govt-over-belfast-riot-6455423-Aug2024/,https://img2.thejournal.ie/article/6455423/river/?height=400&version=6455426,en,2024-08-05 16:46:00 +0000
51,testuser,Tom Hanks and Rita Wilson's LA home burglarized in SoCal string of break-ins,"Tom Hanks and Rita Wilson were the victims of ongoing home burglaries in Southern California, law enforcement sources told ABC News.",@ABC7NY,https://abc7ny.com/post/tom-hanks-rita-wilson-los-angeles-home-burglarized-socal-string-break-ins/15146470/,https://cdn.abcotvs.com/dip/images/15146515_AP24010058735341.jpg?w=1600,en,2024-08-05 16:44:52 +0000
52,testuser,Tom Hanks and Rita Wilson's LA home burglarized in SoCal string of break-ins,"Tom Hanks and Rita Wilson were the victims of ongoing home burglaries in Southern California, law enforcement sources told ABC News.",@6abc,https://6abc.com/post/tom-hanks-rita-wilson-los-angeles-home-burglarized-socal-string-break-ins/15146470/,https://cdn.abcotvs.com/dip/images/15146515_AP24010058735341.jpg?w=1600,en,2024-08-05 16:44:52 +0000
53,testuser,Netanyahu's Spat With Biden Echoes Dispute With Israel's Security Chiefs,"Top News

A quarrel between President Biden and Prime Minister Benjamin Netanyahu over Israel’s approach to cease-fire talks mirrors growing domestic tensions between Mr. Netanyahu and senior Israeli ...",Patrick Kingsley,https://www.nytimes.com/live/2024/08/05/world/israel-iran-hezbollah-gaza,https://static01.nyt.com/images/2024/08/05/multimedia/05mideast-crisis-promo-130pm-zgqv/05mideast-crisis-promo-130pm-zgqv-facebookJumbo.jpg,ru,2024-08-05 16:42:42 +0000
54,testuser,Bloomberg apologizes for premature story on prisoner swap and disciplines the journalists involved - KVIA,AP Media Writer Bloomberg News apologized Monday for prematurely publishing a story last week that revealed a prisoner exchange involving the United States and Russia and said it had disciplined the employees involved. The story moved nearly four hours before an embargo on the exchange was lifted by...,Associated Press,https://kvia.com/news/2024/08/05/bloomberg-apologizes-for-premature-story-on-prisoner-swap-and-disciplines-the-journalists-involved/,https://kvia.b-cdn.net/2023/06/News.png,en,2024-08-05 16:23:08 +0000
55,testuser,Competing for two: Pregnant Olympians push the boundaries of possibility in Paris,"Competing for two: Pregnant Olympians push the boundaries of possibility in Paris

PARIS -- Many Olympic athletes take to Instagram to share news of their exploits, trials, victories and heartbreaks. ...",@ABC7NY,https://abc7ny.com/post/pregnant-olympians-push-boundaries-possibility-2024-paris-olympic-games/15146458/,https://cdn.abcotvs.com/dip/images/15146468_080524-wpvi-pregnant-olympians-10a-vo-video-vid.jpg?w=1600,en,2024-08-05 16:15:12 +0000
56,testuser,"The presidential race shifts — modestly, so far — toward Harris",One way you know that CBS News’s new poll of the presidential race is bad news for former president Donald Trump is that Trump’s campaign is trying to spin it as unreliable. In a “confidential memoran...,Philip Bump,https://www.washingtonpost.com/politics/2024/08/05/presidential-race-shifts-modestly-so-far-toward-harris/,https://www.washingtonpost.com/wp-apps/imrs.php?src=https://arc-anglerfish-washpost-prod-washpost.s3.amazonaws.com/public/WUPMBAWM2QLZAZGXJSGTZOMU5E.JPG&w=1440,en,2024-08-05 16:04:46 +0000
57,testuser,Small plane crashes in Jamestown,"JAMESTOWN, N.Y. (WIVB) – A small plane crashed at the Jamestown Airport just after 10 a.m. Monday, officials confirmed. 
Officials did not immediately have information on the number of occupants on board or the severity of any injuries. A medical helicopter was on scene. 
The crash happened on the a...",Nick Veronica,https://www.rochesterfirst.com/news/small-plane-crashes-in-jamestown/,None,en,2024-08-05 16:01:13 +0000
58,testuser,NI Football League plans tribute following death of popular referee,"Something went wrong, please try again later.

Invalid email Something went wrong, please try again later.

Want all the latest Sports news direct to your inbox? Share your email for the biggest headl...",Gareth Fullerton,https://www.belfastlive.co.uk/sport/football/football-news/peter-mcgrath-tributes-paid-following-29682320,https://i2-prod.belfastlive.co.uk/incoming/article29682321.ece/ALTERNATES/s1200/0_Peter-McGrath.jpg,en,2024-08-05 16:00:54 +0000
59,testuser,Body found in woods behind Blunt Park in Springfield,"SPRINGFIELD, Mass. (WWLP) - A body was found in a wooded area behind Blunt Park on Roosevelt Ave in Springfield Monday morning. 
According to Springfield Police Spokesperson Ryan Walsh, at around 10:10 a.m. officers were called for a report of a body. Officers found an adult man's body in the woods ...",Ashley Shook,https://www.wwlp.com/news/local-news/hampden-county/body-found-in-woods-behind-blunt-park-in-springfield/,None,en,2024-08-05 15:50:33 +0000
60,testuser,Runaway tortoise's Oregon highway crossing a mystery,"Subscribe | UPI Odd Newsletter Subscribe

Aug. 5 (UPI) -- A pet tortoise who went missing from his owner's home turned up two days later on the other side of a bust interstate.

The Portland Police Bu...",Ben Hooper,https://www.upi.com/Odd_News/2024/08/05/tortoise-runaway-Portland-Police-Bureau/8891722872163/,https://cdnph.upi.com/ph/st/th/8891722872163/2024/i/17228722821610/v1.5/Runaway-tortoises-Oregon-highway-crossing-a-mystery.jpg?lg=5,en,2024-08-05 15:43:59 +0000
61,testuser,"Ukraine Claims It Sunk Russian Submarine In Crimea, Struck Airfields And Oil Depot - News18","Ukrainian drones targeted a military airfield and an oil depot in Russia, a defence source in Kyiv said on Saturday, after Moscow reported repelling the latest aerial barrage.",@cnnnews18,https://www.news18.com/world/ukraine-claims-it-sunk-russian-submarine-in-crimea-struck-airfields-and-oil-depot-8989455.html,https://images.news18.com/ibnlive/uploads/2024/08/ukraine-sinks-russian-submarine-afp-2024-08-ede3e25e5403256ccaa3567c93a5de7c-16x9.jpg?impolicy=website&width=1200&height=675,en,2024-08-05 15:40:25 +0000
62,testuser,"Gazan Officials Say Israel Struck School Compound Killing 10, IDF Claims It Eliminated Hamas Command Centre - News18","Gaza's civil defence agency said an Israeli strike struck a school compound in Gaza City on Saturday, killing at least 10 people.",@cnnnews18,https://www.news18.com/world/gazan-officials-say-israel-struck-school-compound-killing-10-idf-claims-it-eliminated-hamas-command-centre-8989457.html,https://images.news18.com/ibnlive/uploads/2024/08/afp-israel-palestine-gaza-compound-2024-08-89771e5cddd6c1a8b05922befe1a7407-16x9.jpg?impolicy=website&width=1200&height=675,en,2024-08-05 15:40:25 +0000
63,testuser,"'Amit Nakesh': Turkish Media Claimed Indian-Israeli Agent Killed Haniyeh, Then Realised It Fell For A Hebrew Pun - News18",Some Turkish media outlets were left red-faced when they found out that they wrongly assumed that Israeli spy agency Mossad had sent an operative named ‘Amit Nakesh’ to eliminate Hamas political wing chief Ismail Haniyeh in Tehran.,@cnnnews18,https://www.news18.com/world/amit-nakesh-turkish-media-claimed-indian-israeli-agent-killed-haniyeh-then-realised-it-fell-for-a-hebrew-pun-8989431.html,https://images.news18.com/ibnlive/uploads/2024/08/amit-nakesh-israeli-hebrew-pun-2024-08-94e2e6df36e0a182304c3799bc3ba0b2-16x9.jpg?impolicy=website&width=1200&height=675,en,2024-08-05 15:40:24 +0000
64,testuser,WULF ALERT: TeraWulf Inc. Investigated for Securities Fraud; Block & Leviton Encourages Investors Who Have Lost Money to Contact the Firm,"BOSTON, Aug. 05, 2024 (GLOBE NEWSWIRE) -- Block &amp; Leviton is investigating TeraWulf Inc. (NASDAQ:WULF) for potential securities law violations. Investors who have lost money in their TeraWulf Inc. investment",Globe Newswire,https://www.benzinga.com/pressreleases/24/08/g40164613/wulf-alert-terawulf-inc-investigated-for-securities-fraud-block-leviton-encourages-investors-who-h,/next-assets/images/schema-image-default.png,en,2024-08-05 15:19:48 +0000
65,testuser,Young Entrepreneur Turns Gujarat’s 'Jamun Shots' Idea Into Fruit Shake Start-Up in Kota - News18,Chirag Ambwani said that he prepares all the fruit shakes at his home and his shakes are particularly popular among coaching students in Kota.,@cnnnews18,https://www.news18.com/business/young-entrepreneur-turns-gujarats-jamun-shots-idea-into-fruit-shake-start-up-in-kota-8991241.html,https://images.news18.com/ibnlive/uploads/2024/08/untitled-design-35-2024-08-933d6e8bac440a4a02549c061fa8575d-16x9.jpg?impolicy=website&width=1200&height=675,en,2024-08-05 15:19:03 +0000
66,testuser,Joshua Hall Moves Out of Home Shared With Christina Hall Amid Divorce,Joshua Hall is starting his next chapter amid his divorce from Christina Hall,,https://www.usmagazine.com/celebrity-news/news/joshua-hall-moves-out-of-home-shared-with-christina-hall-amid-divorce/,https://www.usmagazine.com/wp-content/uploads/2024/08/Joshua-Hall-Moves-Out-of-Home-Shared-With-Christina-Hall-Amid-Divorce-600.jpg?crop=0px%2C125px%2C1333px%2C700px&resize=1200%2C630&quality=86&strip=all,en,2024-08-05T18:20:57.000000Z
67,testuser,"Justice Clarence Thomas took undisclosed trip aboard Harlan Crow's private jet in 2010, senator says","Sen. Ron Wyden, the chairman of the Senate Finance Committee, said flight records show Justice Clarence Thomas took a roundtrip flight on Harlan Crow's plane in...",,https://www.cbsnews.com/news/clarence-thomas-harlan-crow-private-jet-ron-wyden/,https://assets3.cbsnewsstatic.com/hub/i/r/2023/05/09/74f6b915-632b-437c-a058-6c7178ef86c7/thumbnail/1200x630g6/8a3fbaecdb8355b68c0da92d2eff8530/gettyimages-1243793334.jpg?v=33116e4d892fab6878b5c06299369826,en,2024-08-05T18:14:32.000000Z
68,testuser,U.N. fires nine UNRWA staffers after probe found they may have been involved in Oct. 7 attack,"The U.N. says it has fired nine staff members from its agency for Palestinian refugees, known as UNRWA, after an internal investigation found they may have been...",,https://abcnews.go.com/US/wireStory/fires-unrwa-staffers-after-probe-found-involved-oct-112586317,https://s.abcnews.com/images/US/abc_news_default_2000x2000_update_16x9_992.jpg,en,2024-08-05T18:14:00.000000Z
70,testuser,"Wildfire emergency in Bulgaria, EU sends two more Canadair - News - Ansa.it","The fire emergency in Bulgaria continues. The European Commission has dispatched two additional firefighting planes to assist the country, which has been hit by dozens of outbreaks affecting large wooded areas, particularly in the south and southwest. (ANSA). (ANSA)",Redazione ANSA,https://www.ansa.it/nuova_europa/en/news/sections/news/2024/08/05/wildfire-emergency-in-bulgaria-eu-sends-two-more-canadair_717d6035-830c-475c-8ce1-923e4f9391bd.html,https://www.ansa.it/webimages/img_700/2023/7/25/5d3a36d733a00f7fd8bff591a6c66790.jpg,en,2024-08-05 17:31:44 +0000
72,testuser,Kansas raid tied to 98-year-old's death in First Amendment showdown to result in criminal charges,"The former Kansas police chief who led raids on a Marion County newspaper, journalists and its 98-year-old co-owner will face criminal charges after an independent investigation found evidence he interfered with the legal process.Joan Meyer, the 98-year-old co-owner of the Marion County Record, died...",foxnews,https://www.foxnews.com/us/kansas-raid-tied-98-year-olds-death-first-amendment-showdown-result-criminal-charges,https://static.foxnews.com/foxnews.com/content/uploads/2023/08/AP23234553107973-e1692728240705.jpg,en,2024-08-05 18:05:29 +0000
73,testuser,"Elon Musk renews legal war on OpenAI, two months after dropping lawsuit",The billionaire accused OpenAI of abandoning its original mission. OpenAI execs have said Musk is sour that he missed out on the start-up's success,Gerrit De Vynck,https://www.washingtonpost.com/technology/2024/08/05/openai-elon-musk-new-lawsuit/,None,en,2024-08-05 18:00:15 +0000
74,testuser,US murder fugitive ‘El Diablo’ found working as Mexican police officer 20 years later,"American detectives used social media to track a fugitive to Oaxaca, Mexico, 20 years after he allegedly shot a man dead outside an Ohio bar – and there learned that he'd picked up an unexpected new job, becoming a police officer himself.Antonio ""El Diablo"" Riano, now 62, was charged with first-degr...",foxnews,https://www.foxnews.com/us/us-murder-fugitive-el-diablo-found-working-mexican-police-officer-20-years-later,https://static.foxnews.com/foxnews.com/content/uploads/2024/08/Riano_Thumb.jpg,en,2024-08-05 17:58:51 +0000
75,testuser,"August 5, 2024",A look at the best news photos from around the world.,VOA,https://www.voanews.com/a/august-5-2024-day-in-photos/7730709.html,https://gdb.voanews.com/01000000-0aff-0242-9f1c-08dcb574d7cf_w1200_r1.jpg,en,2024-08-05 17:58:18 +0000
76,testuser,Michael Phelps wants those caught doping banned from competition,Michael Phelps made his stance clear about those who fail doping tests: He wants them gone from competition. Phelps made his comments at the Paris Games on Mond...,,https://www.foxnews.com/sports/michael-phelps-wants-those-caught-doping-banned-from-competition,https://static.foxnews.com/foxnews.com/content/uploads/2024/08/Michael-Phelps3.jpg,en,2024-08-05T18:26:50.000000Z
77,testuser,'Never Trumpers' coalesce behind Dem ticket in Republicans for Harris campaign,"Anti-Trump Republicans, now backing Kamala Harris, are rebranding her as a moderate while distancing from her past progressive stances and criticizing Trump as ...",,https://www.foxnews.com/politics/never-trumpers-coalesce-behind-dem-ticket-republicans-harris-campaign,https://static.foxnews.com/foxnews.com/content/uploads/2024/07/HARRIS-TRUMP.jpg,en,2024-08-05T18:23:13.000000Z
79,testuser,"Daniel Jones gets scrappy as Giants, Lions get into multiple altercations during joint practice","Two NFL teams practicing in 90-degree heat in August — what could go wrong?Well, the New York Giants and Detroit Lions got into at least a couple of big altercations at their joint training camp practice at Big Blue's facility on Monday.The Lions made the trip to New Jersey for two days worth of pra...",Fox News,https://www.foxnews.com/sports/daniel-jones-gets-scrappy-giants-lions-get-multiple-altercations-during-joint-practice,https://a57.foxnews.com/static.foxnews.com/foxnews.com/content/uploads/2024/08/1024/512/daniel-jones-camp.jpg?ve=1&tl=1,en,2024-08-05 18:34:12 +0000
80,testuser,Pilot survives crash landing at California golf course with barely a scratch,"A pilot and a bystander are lucky to be alive after a plane crash-landed at a California golf course on Sunday.It happened at Haggin Oaks Golf Complex around 1:18 p.m., the Sacramento Fire Department confirmed to Fox News Digital. The small plane, identified by KCRA-TV as a single-engine Piper PA28,...",Fox News,https://www.foxnews.com/us/plane-crash-lands-california-golf-course-narrowly-missing-person,https://a57.foxnews.com/static.foxnews.com/foxnews.com/content/uploads/2024/08/1024/512/ca-plane-crash-3.jpg?ve=1&tl=1,en,2024-08-05 18:32:31 +0000
81,testuser,Katie Ledecky 'dreading' post-Paris Olympics break after latest dominance in pool,"Katie Ledecky doesn't appear to be one for taking too long of a vacation.Ledecky put in work at the Paris Olympics over the last week, winning four medals at the Summer Games. She won gold medals in the 800- and 1500-meter freestyle, a silver in the 4x200-meter freestyle and bronze in the 400-meter ...",Fox News,https://www.foxnews.com/sports/katie-ledecky-dreading-post-paris-olympics-break-after-latest-dominance-pool,https://a57.foxnews.com/static.foxnews.com/foxnews.com/content/uploads/2024/08/1024/512/Katie-Ledecky8.jpg?ve=1&tl=1,en,2024-08-05 18:20:48 +0000
82,testuser,Scathing report reveals Biden-Harris admin has released dozens of migrants on terror watchlist into US,"EXCLUSIVE: Nearly 100 illegal immigrants on the terror watch list have been released into the United States during the Biden administration, while Border Patrol agents have encountered migrants on the watch list from dozens of different countries, a new House report is revealing.""Under the Biden-Har...",Fox News,https://www.foxnews.com/politics/scathing-report-reveals-biden-harris-admin-released-dozens-migrants-terror-watchlist-us,https://a57.foxnews.com/static.foxnews.com/foxnews.com/content/uploads/2024/08/1024/512/biden-border-harris-mayorkas.jpg?ve=1&tl=1,en,2024-08-05 18:03:33 +0000
83,testuser,WA’s ‘luckiest’ newsagency reveals secret to winning big,A Perth newsagency has shared details about how it sold three winning division one tickets in just two weeks.,Ella Loneragan,https://thewest.com.au/news/lotto/bishop-street-newsagency-was-luckiest-newsagency-reveals-the-secret-to-winning-big-in-the-lotto--c-15598688,https://images.thewest.com.au/publication/C-15598688/b4c564e3f861b3d4f44ebfe4022e734716a1ea93-16x9-x0y378w2420h1361.jpg?imwidth=1200,en,2024-08-05 18:00:00 +0000
84,testuser,Black mothers like me must vote on the economy in 2024,"NEW You can now listen to Fox News articles!

This past weekend, I stood on stage with President Trump in the very same Atlanta where Democrats have spent billions of dollars pumping lies through our ...",Michaelah Montgomery,https://www.foxnews.com/opinion/black-mothers-like-me-must-vote-economy-2024,https://static.foxnews.com/foxnews.com/content/uploads/2024/02/voting-booth.jpg,en,2024-08-05 17:52:04 +0000
85,testuser,'Shut it down': Biden migrant flight program under intense pressure to disband after fraud revelations,"The freezing of a controversial Biden parole program, which allows tens of thousands of migrants to travel into the U.S. each month, due to new revelations about fraud on the sponsor side is already building pressure on the program – with conservatives calling for it to be scrapped altogether.The De...",Fox News,https://www.foxnews.com/politics/shut-down-biden-migrant-flight-program-intense-pressure-disband-after-fraud-revelations,https://a57.foxnews.com/static.foxnews.com/foxnews.com/content/uploads/2024/05/1024/512/mayorkas-border.jpg?ve=1&tl=1,en,2024-08-05 17:47:13 +0000
86,testuser,Celebrations across Bangladesh as PM resigns,"NewsFeed Celebrations across Bangladesh as PM resigns

Crowds celebrated the resignation of Bangladesh’s Prime Minister Sheikh Hasina. There have been calls for her to step down ever since deadly prot...",Apps Support,https://www.aljazeera.com/program/newsfeed/2024/8/5/celebrations-across-bangladesh-as-pm-resigns?traffic_source=rss,https://www.aljazeera.com/wp-content/uploads/2024/08/AP24218390125876-1722875844.jpg?resize=1920%2C1440,en,2024-08-05 16:40:12 +0000
87,testuser,Judge rules that Google ‘is a monopolist’ in US antitrust case,US District Court Judge Amit Mehta ruled in favor of the Department of Justice’s antitrust challenge against Google claiming it monopolized online search and ...,,https://www.theverge.com/2024/8/5/24155520/judge-rules-on-us-doj-v-google-antitrust-search-suit,https://cdn.vox-cdn.com/thumbor/NxAqwJ_OKUkXmHRg817_RF6vfuI=/0x0:2040x1360/1200x628/filters:focal(1020x680:1021x681)/cdn.vox-cdn.com/uploads/chorus_asset/file/23951561/VRG_Illo_STK179_L_Normand_SundarPichai_Neutral.jpg,en,2024-08-05T19:15:47.000000Z
88,testuser,Google loses antitrust case over search,"Google has illegally held a monopoly in search and text advertising, a federal judge ruled on Monday",,https://www.cnbc.com/2024/08/05/google-loses-antitrust-case-over-search.html,https://image.cnbcfm.com/api/v1/image/107051971-gettyimages-1239592984-wlodarczyk-googlece220329_npUyj.jpeg?v=1651007251&w=1920&h=1080,en,2024-08-05T19:08:24.000000Z
89,testuser,"Gymnast Suni Lee says ""I gave it my all"" at 2024 Paris Olympics",,,https://www.cbsnews.com/news/suni-lee-2024-paris-olympics-gymnast-i-gave-it-my-all/,https://assets1.cbsnewsstatic.com/hub/i/r/2024/08/05/fae67ffe-73fd-456d-b4c6-6a81e19b4c1d/thumbnail/1200x630g2/2af09c5d385bf9c0dd2955e2445a4a9a/ap24218398118559.jpg?v=33116e4d892fab6878b5c06299369826,en,2024-08-05T18:54:55.000000Z
91,testuser,"'You can't panic,' boater says of how he survived Tropical Storm Debby while adrift in the Gulf",Nathan Thomas explained how he and a friend survived a harrowing close encounter with Tropical Storm Debby off the Gulf Coast of Florida on Sunday.,,https://abcnews.go.com/US/panic-boater-survived-tropical-storm-debby-adrift-gulf/story?id=112573992,https://i.abcnewsfe.com/a/d483e5a8-066c-4193-92dc-7111bfc7c1a1/boat-rescue-01-ht-jef-240805_1722868315210_hpMain_16x9.jpg?w=1600,en,2024-08-05T19:18:56.000000Z
93,testuser,TIOBE Programming Language Index News (August 2024): Python Clinches Its 'Hegemony',Rust and Kotlin slowly approach the top 10 while Python becomes increasingly untouchable.,Megan Crouse,https://www.techrepublic.com/article/tiobe-index-aug-24/,https://assets.techrepublic.com/uploads/2024/08/tr_20240805-tiobe-index-aug-24.jpg,en,2024-08-05 19:59:53 +0000
94,testuser,"Paris 2024, 5th August, India Results From Day 10: History for Avinash Sable; More Near Misses as Lakshya Sen, Skeet Shooters Fall in Bronze Bouts - News18","Sable became the first Indian to earn a berth in the finals of 3000m Steeplechase by finishing fifth in his heat with a timing of 8:15.43 minutes. However, there was heartbreak for India elsewhere with Lakshya Sena and the mixed skeet team failing in the bronze medal fixtures.",@cnnnews18,https://www.news18.com/olympics/paris-2024-5th-august-india-results-from-day-10-history-for-avinash-sable-more-near-misses-as-lakshya-sen-skeet-shooters-fall-in-bronze-bouts-8991328.html,https://images.news18.com/ibnlive/uploads/2024/08/copy-of-sports-4-2024-08-ce912edbc0c68c53be8799fde2708d7d-16x9.jpg?impolicy=website&width=1200&height=675,en,2024-08-05 19:56:14 +0000
95,testuser,Olympic legend Nadia Comaneci slams judges over controversial score change in floor exercise,Jubilation turned to anguish in a split second for Romania's Ana Barbosu on Monday at the Paris Olympics.Barbosu thought she had won a bronze medal in the women's floor exercise after Jordan Chiles initially received a score of 13.666. It would have been enough to give Barbosu the first Olympic meda...,Fox News,https://www.foxnews.com/sports/olympic-legend-nadia-comaneci-slams-judges-over-controversial-score-change-floor-exercise,https://a57.foxnews.com/static.foxnews.com/foxnews.com/content/uploads/2024/08/1024/512/Nadia-Comaneci.jpg?ve=1&tl=1,en,2024-08-05 19:29:32 +0000
96,testuser,Dog owner says pet accidentally ate marijuana while out for a walk: 'Could have died',A pet owner is warning others after claiming his dog was hospitalized for consuming cannabis during a walk. Stephen Davidson said he was recently walking his 8-year-old West Highland terrier named Oscar when he noticed the dog began to act strange.Davidson said that within a few hours of the dog wal...,Fox News,https://www.foxnews.com/lifestyle/dog-owner-says-pet-accidentally-ate-marijuana-walk-could-have-died,https://a57.foxnews.com/static.foxnews.com/foxnews.com/content/uploads/2024/08/1024/512/dog-weed.jpg?ve=1&tl=1,en,2024-08-05 19:26:56 +0000
97,testuser,WATCH: Biden referred to Kamala Harris as 'president' at least 5 times throughout his presidency,"President Biden referred to Vice President Harris as ""president"" at least five times throughout his term, according to a new Fox News Digital analysis. Harris, who was propped up as the likely Democratic nominee after Biden dropped out of the 2024 race, recently appeared to mix up her own title whil...",Fox News,https://www.foxnews.com/politics/watch-biden-kamala-harris-president-5-times-presidency,https://a57.foxnews.com/static.foxnews.com/foxnews.com/content/uploads/2024/07/1024/512/biden-harris.jpg?ve=1&tl=1,en,2024-08-05 19:24:51 +0000
98,testuser,How Moscow spins hostage-prisoner swap as domestic victory,"U.S. newspapers were flooded with celebratory headlines last week on a historic prisoner swap with Russia that freed unjustly detained journalists and rights activists, including two American journali...",Liam Scott,https://www.voanews.com/a/how-moscow-spins-hostage-prisoner-swap-as-domestic-victory/7730805.html,https://gdb.voanews.com/D7C23936-72B6-4618-828E-CBD57D87962A.jpg,en,2024-08-05 19:22:35 +0000
99,testuser,Gros Morne National Park is a natural beauty — and its visitor centre just got a $12M makeover,"Gros Morne National Park is a natural beauty — and its visitor centre just got a $12M makeover

News

Duration 2:24

Before people can take in the view of Gros Morne National Park, they have to stop a...",cbc,https://www.cbc.ca/player/play/video/9.6471483,"https://i.cbc.ca/ais/66a67dfd-0e6d-4b0f-8f3e-a325859f7acd,1722885688519/full/max/0/default.jpg?im=Crop%2Crect%3D%280%2C0%2C5711%2C3212%29%3BResize%3D%281180%29",en,2024-08-05 19:22:27 +0000
100,testuser,Russian boxing chief fuels Olympic turmoil in bizarre news conference,"PARIS — Inside a gilded party hall here Monday, three leaders of the International Boxing Association stood behind a dais, hoping to start a news conference in which they said they would reveal the ev...",Les Carpenter,https://www.washingtonpost.com/sports/olympics/2024/08/05/umar-kremlev-olympic-boxing/,https://www.washingtonpost.com/wp-apps/imrs.php?src=https://arc-anglerfish-washpost-prod-washpost.s3.amazonaws.com/public/THXXK7VIVP2DUXL7TADI3E65IE_size-normalized.jpg&w=1440,en,2024-08-05 19:05:00 +0000
101,testuser,Groq secures $640M to supercharge AI inference with next-gen LPUs,"Join our daily and weekly newsletters for the latest updates and exclusive content on industry-leading AI coverage. Learn More

Groq, a leader in AI inference technology, has raised $640 million in a ...",Michael Nuñez,https://venturebeat.com/ai/groq-secures-640m-to-supercharge-ai-inference-with-next-gen-lpus/,https://venturebeat.com/wp-content/uploads/2024/08/nuneybits_Vector_art_of_a_CPU_on_a_plain_background_07c226bb-dccb-47e7-a7dc-58969a54b3fe-transformed.webp?w=1024?w=1200&strip=all,en,2024-08-05 18:20:05 +0000
102,testuser,"Bloomberg Says Sorry for Premature Prisoner Swap Story, Disciplines Journalists",Bloomberg News apologized Monday for prematurely publishing a story last week that revealed a prisoner exchange involving the United States and Russia and said it had disciplined the employees involved.,newsmax,https://www.newsmax.com/newsfront/bloomberg-evan-gershkovich-prisoner-swap/2024/08/05/id/1175314,None,en,2024-08-05 18:13:05 +0000
103,testuser,Huw Edwards content scrubbed from BBC's iPlayer after scandal,Archive footage deleted after disgraced former newsreader pleaded guilty to child sex images charge.,news,https://www.express.co.uk/news/uk/1932429/huw-edwards-scandal-bbc-iplayer-archive-deleted,None,en,2024-08-05 18:13:00 +0000
104,testuser,"A Huge Hit as Manu Bhaker's Personal Coach, Jaspal Rana Could be Brought Back into NRAI Fold - News18","After his hugely successful second stint as Manu Bhaker's personal coach, Jaspal Rana could get a job in the Indian shooting setup next.",@cnnnews18,https://www.news18.com/olympics/a-huge-hit-as-manu-bhakers-personal-coach-jaspal-rana-could-be-brought-back-into-nrai-fold-8991369.html,https://images.news18.com/ibnlive/uploads/2024/08/manu-bhaker_jaspal-rana-2024-08-241bad2c70b81f1a304094dba19a4254-16x9.jpg?impolicy=website&width=1200&height=675,en,2024-08-05 18:09:54 +0000
105,testuser,"Boxing group answers some questions but raises many more about tests on Imane Khelif, Lin Yu-ting",The International Boxing Association has raised new questions while struggling to answer others at a shambolic news conference about the opaque gender tests that led the Olympics-banned governing body to abruptly suspend Imane Khelif and Lin Yu-ting fr...,ABC News,https://abcnews.go.com/Sports/wireStory/boxing-group-answers-questions-raises-tests-imane-khelif-112586503,https://i.abcnewsfe.com/a/f2e8887e-c55d-4c9d-b65a-1edac8b2660f/wirestory_a26248f5285889dae13743f535ef9ed3_16x9.jpg?w=1600,en,2024-08-05 18:06:35 +0000
106,testuser,Paris Olympics 2024: Avinash Sable Books Historic Spot in Men's 3000m Steeplechase Final After Finshing Fifth in Heat - News18,"The Indian started off the heat leading the pack for exactly one lap, by the end of which Kenyan Abraham Kiriwot overtook the Indian with ease. ",@cnnnews18,https://www.news18.com/olympics/paris-olympics-2024-avinash-sable-books-historic-spot-in-mens-3000m-steeplechase-final-after-finshing-fifth-in-heat-8991318.html,https://images.news18.com/ibnlive/uploads/2024/08/afp__20240805__36av4qa__v1__highres__athleticsolyparis2024-fotor-2024080523282-2024-08-0eb514b7792afb7628ca8b91aed1f6b3-16x9.jpg?impolicy=website&width=1200&height=675,en,2024-08-05 17:59:06 +0000
107,testuser,"Neeraj Chopra Men’s Javelin Throw, Paris Olympics 2024 LIVE Streaming: When & Where To Watch on Mobile and TV In India - News18",Watch Neeraj Chopra compete in the Men’s Javelin Throw Qualification Group B at the Paris Olympics 2024. Find out where to stream his event live at news18.com,@cnnnews18,https://www.news18.com/olympics/neeraj-chopra-mens-javelin-throw-paris-olympics-2024-live-streaming-when-and-where-to-watch-live-details-8991254.html,https://images.news18.com/ibnlive/uploads/2024/08/neeraj-chopra-javelin-qualification-paris-2024-2024-08-2f1040f6d15117b98fce1007cfdc186d-16x9.jpg?impolicy=website&width=1200&height=675,en,2024-08-05 17:54:13 +0000
108,testuser,"Intuitive Machines, SEOPS Reach Launch Services Agreement - Aviation Week","Comprehensive, up-to-date news coverage, aggregated from sources all over the world by Google News.",google,https://news.google.com/rss/articles/CBMiowFBVV95cUxQcHV5dlk4bmdwMUFpMC1zTWJoODVCUHJXNUwxUTJHRG95Wi1sUzJDQzcyc1c3YWpNUTdiWGZ2R3NOTnFLWmJtVlpXa0R1d0o1S0lXbEVsanhKMGN5NnlhbTFEekVXMURPdkk5bEdDSVp4WDI5OUFCdWxlSHhuWkNsSURHMmlLUG5ZbU1iSnQwVFJCNzZLaTdkMmJlQVl5NmZWa0Vz?oc=5&hl=en-SG&gl=SG&ceid=SG:en,https://lh3.googleusercontent.com/J6_coFbogxhRI9iM864NL_liGXvsQp2AupsKei7z0cNNfDvGUmWUy20nuUhkREQyrpY4bEeIBuc=s0-w300,en,2024-08-05 17:42:25 +0000
109,testuser,"Apple's Safari in iOS 18, iPadOS 18, and macOS Sequoia will hide some big distractions while browsing the web","If you’re tired of seeing constant pop-ups on websites asking you to sign up for a newsletter or advertising a special offer, Apple has some good news for you.

Arriving as part of the new betas for i...",Daryl Baxter,https://www.imore.com/apple/apples-safari-in-ios-18-ipados-18-and-macos-sequoia-will-hide-some-big-distractions-while-browsing-the-web,https://cdn.mos.cms.futurecdn.net/wYw3hMWvyVtF3zCTCk5Pp7-1200-80.jpg,en,2024-08-05 17:32:48 +0000
110,testuser,Bloomberg apologizes for premature story on prisoner swap and disciplines the journalists involved,Bloomberg News apologized Monday for prematurely publishing a story last week that revealed a prisoner exchange involving the United States and Russia and said it had disciplined the employees involved.,David Bauder,https://www.washingtontimes.com/news/2024/aug/5/bloomberg-disciplines-journalists-apologizes-for-p/,https://twt-thumbs.washtimes.com/media/image/2024/08/05/Bloomberg_Prisoner_Swap_63211_c0-191-4578-2860_s1770x1032.jpg?7f408df96648eff1eb843daabfcf4d00a6105b3e,en,2024-08-05 17:32:28 +0000
111,testuser,West Ham complete Niclas Füllkrug transfer from Dortmund,"West Ham United have signed German striker Niclas Füllkrug from Borussia Dortmund on a four-year deal, the Premier League club confirmed on Monday.",,https://www.espn.com/soccer/story/_/id/40734520/west-ham-complete-niclas-fullkrug-transfer-dortmund,https://a.espncdn.com/combiner/i?img=%2Fphoto%2F2024%2F0805%2Fr1368930_1024x576_16%2D9.jpg,en,2024-08-05T20:28:58.000000Z
112,testuser,USMNT's Tim Ream move to Charlotte in final stages,"Charlotte FC is expected to complete the signing of United States men's national team and Fulham defender Tim Ream in the coming days, sources close to the nego...",,https://www.espn.com/soccer/story/_/id/40733879/usmnt-tim-ream-move-charlotte-final-stages,https://a2.espncdn.com/combiner/i?img=%2Fphoto%2F2022%2F1126%2Fr1097211_1296x729_16%2D9.jpg,en,2024-08-05T20:28:58.000000Z
113,testuser,"Spain U23 2-1 Morocco U23 (Aug 5, 2024) Game Analysis","Expert recap and game analysis of the Spain U23 vs. Morocco U23 Men's Olympic Soccer Tournament game from August 5, 2024 on ESPN.",,https://www.espn.com/soccer/report/_/gameId/699829,https://a.espncdn.com/combiner/i?img=/i/espn/misc_logos/500/soccer.png,en,2024-08-05T20:28:58.000000Z
114,testuser,Tile supplier CTD on brink of collapse as sector downturn bites,One of Britain's biggest tile suppliers is on the brink of administration amid a wider downturn in the sector.,,,https://e3.365dm.com/24/08/1920x1080/skynews-tiles-splashback-diy_6647964.jpg,english,
115,testuser,Serena Williams blasts Paris hotel after being denied access to eat at 'empty restaurant',"Serena Williams was among the American athletes who came to France to watch Team USA superstars try to win gold in the Paris Olympics during the week.But her experience in Paris as a tourist was likely less than what she had hoped for.CLICK HERE FOR MORE SPORTS COVERAGE ON FOXNEWS.COMWilliams, an Ol...",Fox News,https://www.foxnews.com/sports/serena-williams-blasts-paris-hotel-after-being-denied-access-eat-empty-restaurant,https://a57.foxnews.com/static.foxnews.com/foxnews.com/content/uploads/2024/08/1024/512/Serena-Williams.jpg?ve=1&tl=1,en,2024-08-05 22:30:42 +0000
116,testuser,News live: Australians to get access to streamlined entry through US customs in January; ASX faces more losses,Follow live,Emily Wind,https://www.theguardian.com/australia-news/live/2024/aug/06/asx-wall-street-losses-rba-interest-rates-decision-economy-asio-terror-threat-level-housing-labor-coalition-politics-vic-nsw-qld-higgins-reynolds-defamation-trial,https://i.guim.co.uk/img/media/66ade3f5de00444c566cc2c6333a2d07a12935ce/0_147_5200_3120/master/5200.jpg?width=1200&height=630&quality=85&auto=format&fit=crop&overlay-align=bottom%2Cleft&overlay-width=100p&overlay-base64=L2ltZy9zdGF0aWMvb3ZlcmxheXMvdGctbGl2ZS5wbmc&s=078196f81c5b289568329e37d68849f6,en,2024-08-05 22:30:31 +0000
117,testuser,"The bizarre RFK Jr. bear incident, briefly explained","Independent presidential candidate Robert F. Kennedy Jr. speaks at the Libertarian National Convention on May 24, 2024 in Washington, DC. | Kevin Dietsch/Getty Images

Robert F. Kennedy Jr., an independent presidential candidate perhaps best known for his anti-vaccine viewpoints and proclivity for s...",Li Zhou,https://www.vox.com/politics/365284/robert-f-kennedy-jr-bear-central-park,https://platform.vox.com/wp-content/uploads/sites/2/2024/08/gettyimages-2154524764.jpg?quality=90&strip=all&crop=0%2C13.246968969083%2C100%2C73.506062061834&w=1200,en,2024-08-05 22:30:00 +0000
118,testuser,Trump's Georgia problem: 'Neck and neck' with VP Harris as candidates fight for battleground states,"Former President Trump's tight race with VP Harris is bringing Georgia – a historically red state-turned-blue – back to the forefront this election cycle as the two candidates are ""neck and neck"" in the Peach State's polls. And Trump's rhetoric could swing the state one way or another, according to ...",Fox News,https://www.foxnews.com/politics/trumps-georgia-problem-neck-neck-vp-harris-candidates-fight-battleground-states,https://a57.foxnews.com/static.foxnews.com/foxnews.com/content/uploads/2024/08/1024/512/GettyImages-2165155459-scaled.jpg?ve=1&tl=1,en,2024-08-05 22:26:20 +0000
119,testuser,"Ex-Police Chief Will Be Charged After Raid on Kansas Newspaper, Prosecutors Say","The Marion County Record office in Marion, Kan., in 2023....",Michael Levenson,https://www.nytimes.com/2024/08/05/us/marion-police-kansas-newspaper-raid.html,None,en,2024-08-05 21:32:20 +0000
120,testuser,"'Bachelorette' alum James Taylor arrested, charged with assault","James Taylor was arrested on charges of assault causing bodily injury and unlawful restraint Sunday. A warrant was issued for his arrest in April, Fox News Digital confirmed.",Fox News,https://www.foxnews.com/entertainment/bachelorette-alum-james-taylor-arrested-charged-assault,https://a57.foxnews.com/static.foxnews.com/foxnews.com/content/uploads/2024/08/1024/512/James_Taylor_arrest-1.jpg?ve=1&tl=1,en,2024-08-05 21:29:26 +0000
121,testuser,Clarence Thomas Has Forgotten More Vacations Than You'll Ever Know - Above the Law,It's a day that ends in 'y' so there's more news about Clarence Thomas taking luxury gifts and covering it up.,Joe Patrice,https://abovethelaw.com/2024/08/clarence-thomas-more-undisclosed-vacations/,https://abovethelaw.com/wp-content/uploads/2022/07/GettyImages-1236038607-scaled.jpg,en,2024-08-05 21:28:07 +0000
122,testuser,Fox News Politics: It's Who You Know,"The latest updates from the 2024 campaign trail, exclusive interviews and more Fox News politics content",Fox News,https://www.foxnews.com/politics/fox-news-politics-its-not-how-you-do,https://a57.foxnews.com/static.foxnews.com/foxnews.com/content/uploads/2024/07/1024/512/Kamala-Harris.jpg?ve=1&tl=1,en,2024-08-05 21:05:05 +0000
123,testuser,UN investigation: 9 staffers 'may have' been involved in October 7 attack,"United Nations — United Nations internal investigation has concluded that nine of 19 Palestinian staffers accused by Israel ""may have been involved"" in the October 7 terror attacks in southern Israel, while insufficient or no evidence was found regarding 10 others.  


""The employment of these indiv...",Margaret Besheer,https://www.voanews.com/a/un-investigation-9-staffers-may-have-been-involved-in-october-7-attack/7730910.html,None,en,2024-08-05 20:28:07 +0000
124,testuser,Former Trump campaign lawyer Jenna Ellis cooperating in Arizona fake electors prosecution,"Jenna Ellis, right, and Sydney Powell, attorneys for President Donald Trump, conduct a news conference at the Republican National Committee on lawsuits regarding the outcome of the 2020 presidential e...",Dan Mangan Josephine Rozzelle,https://www.cnbc.com/2024/08/05/former-trump-campaign-lawyer-jenna-ellis-cooperating-with-prosecutors-in-arizona-fake-electors-case.html,https://image.cnbcfm.com/api/v1/image/106799866-1605821939685-gettyimages-1229685949-rnc_trump_lawyers158_111920.jpeg?v=1605821980&w=1920&h=1080,en,2024-08-05 20:22:41 +0000
125,testuser,Chair Jordan demands answers from dozens of major companies tied to shadowy 'collusive' ad group,"One of the most powerful committees in Congress has sent a letter to dozens of major corporations in the United States demanding answers on their involvement in an advertising alliance that Republicans say is potentially trying to silence conservative voices in media and news.""The Committee on the J...",Fox News,https://www.foxnews.com/politics/house-committee-demands-answers-dozens-major-businesses-tied-shadowy-ad-cartel,https://a57.foxnews.com/static.foxnews.com/foxnews.com/content/uploads/2024/08/1024/512/file-65.jpg?ve=1&tl=1,en,2024-08-05 20:10:09 +0000
126,testuser,Incannex gets FDA okay for Phase 2 study of psilocybin drug,Incannex (INHL) stock jumped 13% on news the FDA has cleared the company to begin a Phase 2 study of its psilocybin drug PSX-001 for generalized anxiety disorder. Read more here.,Val Brickates Kennedy,https://seekingalpha.com/news/4134284-incannex-gets-fda-okay-for-phase-2-study-of-psilocybin-drug?source=feed_sector_healthcare,https://static.seekingalpha.com/cdn/s3/uploads/getty_images/1408493896/image_1408493896.jpg?io=getty-c-w750,en,2024-08-05 18:10:16 +0000
127,testuser,Bloomberg apologizes for early story on prisoner exchange and disciplines employees involved,Bloomberg News is apologizing for a premature story written last week about the prisoner exchange involving the United States and Russia.,David Bauder,https://www.pbs.org/newshour/nation/bloomberg-apologizes-for-early-story-on-prisoner-exchange-and-disciplines-employees-involved,https://d3i6fh83elv35t.cloudfront.net/static/2024/08/2024-08-02T112658Z_13092349_RC2B79A6BA1Z_RTRMADP_3_RUSSIA-USA-PRISONERS-1024x683.jpg,en,2024-08-05 17:48:05 +0000
128,testuser,Bangladesh’s prime minister just fled the country in a helicopter. Why?,Student-led protests just brought down the country’s leadership. What happens next to the young democracy is unclear.,,https://www.vox.com/world-politics/365259/bangladesh-sheikh-hasina-awami-protests-bnp,https://platform.vox.com/wp-content/uploads/sites/2/2024/08/gettyimages-2149699213.jpg?quality=90&strip=all&crop=0%2C10.785270599062%2C100%2C78.429458801877&w=1200,en,2024-08-05T22:45:15.000000Z
129,testuser,Joshua Malina's Wife Melissa Merwin Files for Divorce,"'West Wing' star Joshua Malina's wife, Melissa Merwin, filed for divorce after nearly 28 years of marriage, citing irreconcilable differences",,https://www.usmagazine.com/celebrity-news/news/joshua-malinas-wife-melissa-merwin-files-for-divorce/,https://www.usmagazine.com/wp-content/uploads/2024/08/Joshua-Malina-s-Wife-Melissa-Merwin-Files-for-Divorce-652.jpg?crop=109px%2C0px%2C1891px%2C992px&resize=1200%2C630&quality=86&strip=all,en,2024-08-05T22:40:53.000000Z
